{
    "builders": [
        {
          "name": "Stock2CentOS7x64NoGUI",
          "type": "virtualbox-iso",
          "boot_command": [
            "<tab> text ks=http://{{ .HTTPIP }}:{{ .HTTPPort }}/ks.cfg<enter><wait>"
          ],
          "boot_wait": "15s",
          "disk_size": 81920,
          "guest_os_type": "RedHat_64",
          "headless": true,
          "http_directory": "http",

          "iso_url": "/Users/stalker/Downloads/CentOS-7-x86_64-DVD-1810.iso",
          "iso_checksum_type": "sha256",
          "iso_checksum": "6d44331cc4f6c506c7bbe9feb8468fad6c51a88ca1393ca6b8b486ea04bec3c1",
          "ssh_username": "root",
          "ssh_password": "Dev11081977",
          "ssh_port": 22,
          "ssh_wait_timeout": "600s",
          "shutdown_command": "echo 'packer' | sudo -S shutdown -P now",
          "virtualbox_version_file": ".vbox_version",
          "output_directory": "/Volumes/Media1/VMashines/1/",
          "vm_name": "Stock2CentOS7x64NoGUI",
          "vboxmanage": [
            [
              "modifyvm",
              "{{.Name}}",
              "--memory",
              "4096"
            ],
            [
              "modifyvm",
              "{{.Name}}",
              "--cpus",
              "2"
            ]
          ]
        }
    ]
}