{
  "variables": {
    "ansible_host": "default",
    "ansible_connection": "docker"
  },

  "builders": [
    {
      "type": "docker",
      "image": "centos:centos7",
      "commit": "true",
      "run_command": [
        "-d",
        "-i",
        "-t",
        "--name",
        "{{user `ansible_host`}}",
        "{{.Image}}",
        "/bin/bash"
      ]
    }
  ],

  "provisioners": [
    {
      "type": "shell",
      "inline": [
        "yum install -y epel-release ",
        "yum install -y python36"
      ]
    },

    {
      "type": "ansible",
      "user": "root",
      "playbook_file": "./service/setup-work-env-ansible-config/site.yml",
      "extra_arguments": [
        "--extra-vars",
        "ansible_host={{user `ansible_host`}} ansible_connection={{user `ansible_connection`}}"
      ]
    }
  ],

  "post-processors": [
    [
      {
        "type": "docker-tag",
        "repository": "tander/service",
        "tag": "1.0"
      }
    ]
  ]
}